check,term,saved_coefficient,reestimated_coefficient,abs_coefficient_diff,saved_std_error,reestimated_std_error,abs_std_error_diff,nobs,clusters,passed
pooled_export_product_gini_level_ppp,gdp_pc_ppp_constant_2021_intl_usd_10k,-0.0136160634029514,-0.01361606340295164,2.393918396847994e-16,0.0024791066928445,0.002479106692844672,1.717376241217039e-16,3240,135,True
pooled_export_product_gini_level_ppp,gdp_pc_ppp_constant_2021_intl_usd_10k_sq,0.0008670492842983,0.0008670492842983729,7.28583859910259e-17,0.000205396977859,0.00020539697785908323,8.32396217925746e-17,3240,135,True
pooled_export_product_gini_level_ppp,log_population,-0.0063783222603789,-0.0063783222603788535,4.683753385137379e-17,0.0012660291950437,0.0012660291950437965,9.64939933512099e-17,3240,135,True
pooled_export_product_gini_level_ppp,oil_export_share,0.0730522163427653,0.07305221634276532,1.3877787807814457e-17,0.0093925217745849,0.009392521774584902,1.734723475976807e-18,3240,135,True
country_fe_import_product_gini_level_ppp,gdp_pc_ppp_constant_2021_intl_usd_10k,-0.0051642153064236,-0.0051642153064238175,2.177077962350893e-16,0.003140041712561,0.0031400417125577013,3.2985766895698987e-15,3236,135,True
country_fe_import_product_gini_level_ppp,gdp_pc_ppp_constant_2021_intl_usd_10k_sq,0.0003396382638306,0.00033963826383062116,2.1141942363467336e-17,0.0001453673190364,0.000145367319036384,1.6019087098473328e-17,3236,135,True
country_fe_import_product_gini_level_ppp,log_population,0.0033493505329671,0.003349350532967338,2.3765711620882257e-16,0.0081156470077867,0.008115647007386317,4.0038285187282696e-13,3236,135,True
country_fe_import_product_gini_level_ppp,oil_export_share,0.0192181643792675,0.019218164379267377,1.214306433183765e-16,0.0073550836816216,0.007355083681622211,6.106226635438361e-16,3236,135,True
