horizon,product_definition,product_definition_label,countries,country_windows,positive_expansion_2024_usd,net_contribution_2024_usd,total_positive_expansion_2024_usd,total_net_growth_2024_usd,median_positive_expansion_share,median_net_growth_share,median_product_count,pooled_positive_expansion_share,pooled_net_growth_share
5,bottom_10pct_low_base_growth,Low-base product growth (bottom 10% of base-window exports),60,1500,16359383753424.46,16359383753424.46,163289850730754.28,58781186732146.24,0.13662125770773126,0.21464500113521726,1493.0,0.10018616393004827,0.2783098583560554
5,persistent_new_product,Persistent new harmonized HS6 product families,60,1500,71240929813574.39,71142057641956.34,163289850730754.28,58781186732146.24,0.3384566555525141,0.30360674607216365,484.5,0.4362851058700659,1.2102861748289644
10,bottom_10pct_low_base_growth,Low-base product growth (bottom 10% of base-window exports),60,1204,23295207219780.76,23295207219780.76,192766065448384.47,99179411922971.62,0.15286201125682253,0.22514445199530025,1509.0,0.1208470337639295,0.23487946508367225
10,persistent_new_product,Persistent new harmonized HS6 product families,60,1204,67154784203693.48,67070665675286.63,192766065448384.47,99179411922971.62,0.31991697433137345,0.36551118725551385,569.0,0.34837451315659607,0.6762559323035463
