sample,effect,coef,std_error,ci_low,ci_high
baseline,Non-intermediate slope,-4.829381553739394,0.5420020617217768,-5.891705594714076,-3.767057512764711
baseline,Intermediate slope,-5.534688389192766,0.6254538826349307,-6.76057799915723,-4.308798779228302
baseline,Intermediate minus non-intermediate,-0.7053068354533721,0.16901384894521126,-1.0365739793859863,-0.37403969152075806
