sample,model_label,outcome,term,coef,std_error,t_stat,p_value,ci_low,ci_high,nobs,clusters,r2_within,check
baseline,product_export_value_gini,asinh_export_value,loo_gini_contribution_z,-4.862415479319776,0.5184574313773389,-9.378620471119948,6.684151668178945e-21,-5.87859204481936,-3.846238913820192,5568474,33,0.1582879274779374,Export value: product-Gini contribution
baseline,product_export_any_gini,export_any,loo_gini_contribution_z,-0.12948489392118523,0.02129796554278148,-6.079683698477554,1.2041985281851081e-09,-0.17122890638503693,-0.08774088145733352,5568474,33,0.037801424064989764,Export probability: product-Gini contribution
baseline,product_export_value_partner_hhi,asinh_export_value,loo_partner_hhi_contribution_z,0.2344707187214506,0.0892336830605765,2.627603284762768,0.008598873311066586,0.05957269992272066,0.40936873752018055,5568474,33,0.03369689891094685,Export value: partner-HHI contribution
baseline,product_export_value_intermediate_interaction,asinh_export_value,loo_gini_x_intermediate_z,-0.5202643159835681,0.16273201494397196,-3.1970618452840593,0.0013883515623938142,-0.8392190652737532,-0.20130956669338312,5568474,33,0.15841334422956965,Intermediate interaction
excluding oil/gas/gold/coal,product_export_value_gini,asinh_export_value,loo_gini_contribution_z,-3.6670732241286905,0.2219147815379437,-16.524691139160023,2.436849006699613e-61,-4.10202619594306,-3.2321202523143207,5547335,33,0.19812085088120468,Export value: product-Gini contribution
excluding oil/gas/gold/coal,product_export_any_gini,export_any,loo_gini_contribution_z,-0.09984999047254073,0.013317487790419304,-7.497659621987679,6.49673374772301e-14,-0.12595226654176256,-0.0737477144033189,5547335,33,0.045708942460048196,Export probability: product-Gini contribution
excluding oil/gas/gold/coal,product_export_value_partner_hhi,asinh_export_value,loo_partner_hhi_contribution_z,0.11987911859325107,0.035705450916080586,3.357445866599079,0.0007866614579939103,0.04989643479773312,0.189861802388769,5547335,33,0.04662911606643483,Export value: partner-HHI contribution
excluding oil/gas/gold/coal,product_export_value_intermediate_interaction,asinh_export_value,loo_gini_x_intermediate_z,-0.4691960128770398,0.14321810380569058,-3.2760942954084618,0.0010525341282759655,-0.7499034963361934,-0.1884885294178863,5547335,33,0.19892473916332698,Intermediate interaction
