coefficient_per_year,coefficient_per_decade,std_error_per_year,std_error_per_decade,p_value,ci_low,ci_high,ci_low_per_decade,ci_high_per_decade,nobs,countries,r_squared,status,window,flow,bh_q_value,stars
-0.00013063125987402123,-0.0013063125987402124,0.0002100018949035826,0.002100018949035826,0.5363480467685273,-0.0005509957246061528,0.0002897332048581103,-0.005509957246061528,0.0028973320485811034,1239,59,0.8083074969323663,ok,balanced_2001_2021,Exports,0.6563856046042447,
0.0002830941803052629,0.002830941803052629,0.00015152000698813204,0.0015152000698813203,0.06667938234066971,-2.0096653365891276e-05,0.0005862850139764171,-0.00020096653365891276,0.005862850139764171,1260,60,0.8075697546273366,ok,balanced_2001_2021,Imports,0.13335876468133942,*
8.332849234844202e-05,0.0008332849234844201,0.00018634397910025644,0.0018634397910025644,0.6563856046042447,-0.00028954494856574785,0.0004562019332626318,-0.0028954494856574782,0.0045620193326263185,1491,60,0.7732377380775041,ok,main_2000_2024,Exports,0.6563856046042447,
0.0003047912031565671,0.003047912031565671,0.0001437980572785812,0.001437980572785812,0.038259059651293635,1.7051955164054157e-05,0.0005925304511490801,0.00017051955164054157,0.0059253045114908,1492,60,0.7927797421778945,ok,main_2000_2024,Imports,0.13335876468133942,**
